ItemID,item,AbsDur,WordDur,PrecSeg,PrecSegDur,FollSeg,FollSegVC,FollSegDur,LocSpeech,PreSuf,SyllAct,NumberOfSegments,PrefixDur
239,dissertation,0.0965962931,0.5835178571,I,0.0370793167,2,V,0.053425,13.7099488937,initialNoMorph,4,8,0.1822
70,discern,0.1815,0.69825,I,0.06125,3,V,0.1486875,8.5929108485,prefix,2,6,0.303
214,dissertation,0.0804923077,0.670125,I,0.0614843254,3,V,0.065625,8.9535534415,initialNoMorph,3,6,0.188375
281,disservice,0.2054375,0.678125,I,0.0452708333,9,V,0.1099583333,11.797235023,prefix,3,8,0.3202083333
288,discernment,0.1487924107,0.560725,I,0.052921875,9,V,0.1006009317,12.4838378884,prefix,3,7,0.2449642857
1,disappears,0.0847871795,0.7594583333,I,0.0513958333,?,V,0.0201711538,9.2170955176,prefix,2,7,0.2069538462
6,disasters,0.0554044118,0.641175,I,0.0648872549,{,V,0.1444281705,12.4770928374,initialNoMorph,3,8,0.195975
12,disasters,0.097125,0.75525,I,0.0375625,{,V,0.195,11.9165839126,initialNoMorph,3,9,0.1905
25,disastrous,0.10205,0.8334954545,I,0.0648931818,{,V,0.16,9.5981327269,initialNoMorph,3,8,0.2315454545
44,dissatisfied,0.135525981,0.751875,I,0.04575,{,V,0.1136525904,10.6400665004,prefix,4,8,0.240275981
61,disaster,0.1427098214,0.8573708333,d,0.11529375,{,V,0.2597100898,6.9981386895,initialNoMorph,3,6,0.2580035714
63,disaster,0.076025,0.5196948198,I,0.0831666667,{,V,0.1624885135,13.4694434754,initialNoMorph,3,7,0.1997333333
92,dissatisfied,0.1082760417,0.69709375,I,0.048703125,{,V,0.1189833333,14.3452727843,prefix,4,10,0.2166354167
102,dissatisfied,0.1284712963,0.7658290255,I,0.0511441799,{,V,0.1200229167,13.0577448329,prefix,4,10,0.2343714497
135,dissatisfied,0.0891785714,0.6323928571,I,0.0601856061,{,V,0.1145942308,15.8129553284,prefix,4,10,0.187
153,disastrous,0.0950329304,0.8967238124,I,0.0841609578,{,V,0.2578915322,10.0365350803,initialNoMorph,3,9,0.2542741289
157,disaster,0.0913077532,0.6238911295,I,0.0656071429,{,V,0.1799114776,12.8227500318,initialNoMorph,3,8,0.2250113826
159,dissatisfied,0.1406875,0.7060625,I,0.0375625,{,V,0.0781875,14.1630521377,prefix,4,10,0.228125
175,dissatisfied,0.1426787037,0.8419273389,I,0.0436931507,{,V,0.1263190265,11.8775095397,prefix,4,10,0.2515794801
176,dissatisfied,0.1511651348,0.6455950312,I,0.0326594188,{,V,0.1019235417,13.9406277382,prefix,4,9,0.2534231562
215,disasters,0.11875,0.6298125,d,0.0525625,{,V,0.188875,12.702193113,initialNoMorph,3,8,0.1713125
246,dissatisfied,0.1947833333,0.8615625,@,0.047942623,{,V,0.1266409569,10.4461371055,prefix,3,9,0.3048458333
248,disaster,0.0898068182,0.794065566,I,0.0832872104,{,V,0.2163372642,10.0747348105,initialNoMorph,3,8,0.237325
254,disastrous,0.1108007329,0.8450604091,I,0.0531992671,{,V,0.1774912541,10.650126196,initialNoMorph,3,9,0.2279979091
256,disaster,0.0791495902,0.586875,@,0.0535361493,{,V,0.2174903846,11.9275825346,initialNoMorph,3,7,0.1518125
295,disaster,0.05871875,0.5068664628,I,0.06115625,{,V,0.16575,11.8374373532,initialNoMorph,3,6,0.1798546981
2,disciplinary,0.0901700476,0.7193054334,I,0.0927587984,@,V,0.0328200204,15.2925301116,initialNoMorph,5,11,0.2382828528
5,discipline,0.08555,0.6399056122,I,0.08915,@,V,0.023875,10.9391133099,initialNoMorph,3,7,0.205375
7,discipline,0.1368553419,0.7882055556,I,0.0898638889,@,V,0.0298641026,10.1496366571,initialNoMorph,3,8,0.2948692308
10,discipline,0.1356057498,0.59725,I,0.0496442502,@,V,0.0351234028,13.3947258267,initialNoMorph,3,8,0.255375
15,disagree,0.116,0.4460416667,I,0.048,@,V,0.02025,15.693601121,prefix,3,7,0.203375
18,disappoints,0.1133125,0.793,I,0.0816830357,@,V,0.02971875,11.3493064313,initialNoMorph,3,9,0.25628125
19,discipline,0.1108077273,0.7123958333,I,0.0930833709,@,V,0.0346141755,11.2297119462,initialNoMorph,3,8,0.2652533245
21,discipline,0.10425,0.489375,I,0.052625,@,V,0.0319375,16.3473818646,initialNoMorph,3,8,0.216
24,discipline,0.1267866464,0.7632321429,I,0.0749205557,@,V,0.0396923077,10.4817388456,initialNoMorph,3,8,0.2607898352
31,disappointed,0.0811331967,0.6544833333,I,0.0678872114,@,V,0.018875,13.7513051007,initialNoMorph,4,9,0.207775
35,disciplinarian,0.0947767857,0.8218125,I,0.0473541667,@,V,0.0160357143,14.6018708647,initialNoMorph,5,12,0.2037142857
37,disadvantages,0.0664665948,0.8846458333,I,0.0707577107,@,V,0.0273125,13.5647504887,prefix,5,12,0.2074895833
40,disappointing,0.1002,0.48325,I,0.0373067367,@,V,0.029425,16.5545783756,initialNoMorph,4,8,0.1527
43,dissertation,0.1061894504,0.7743430029,I,0.0879254469,@,V,0.03438125,11.6227562806,initialNoMorph,4,9,0.2438709791
46,discipline,0.0915833333,0.4767083333,I,0.0616666667,@,V,0.03425,14.6840311162,initialNoMorph,3,7,0.211
49,disadvantage,0.1207593458,1.103,I,0.0494751903,@,V,0.029425,9.9728014506,prefix,4,11,0.238625
50,disagreements,0.097872367,0.496875,d,0.031375,@,V,0.033002633,20.1257861635,prefix,4,10,0.129247367
53,disappointed,0.0934275798,0.5259910714,I,0.0614046053,@,V,0.024805315,17.1105566023,initialNoMorph,4,9,0.1901982565
56,dissipate,0.095930303,0.513625,I,0.05639375,@,V,0.0167613636,13.6286201022,prefix,3,7,0.2173636364
57,discipline,0.0955625,0.575375,I,0.0639375,@,V,0.0245625,12.1659787095,initialNoMorph,3,7,0.226
60,discipline,0.100125,0.5171875,I,0.06775,@,V,0.0725,15.4682779456,initialNoMorph,3,8,0.2174375
67,disappear,0.09275,0.4755833333,I,0.0316875,@,V,0.045625,12.616085509,prefix,3,6,0.1865
73,discipline,0.1013924596,0.605375,I,0.0441908737,@,V,0.0447916667,13.2149494115,initialNoMorph,3,8,0.2117083333
74,discipline,0.090227381,0.5831624337,I,0.0771833333,@,V,0.0341392857,13.7183047776,initialNoMorph,3,8,0.214198148
77,discipline,0.1148338235,0.5279375,I,0.0684578431,@,V,0.025375,15.1533088671,initialNoMorph,3,8,0.24075
79,disciplinarian,0.1175,0.922425,I,0.06925,@,V,0.0209807692,14.0932867171,initialNoMorph,6,13,0.2488
82,discipline,0.1187598684,0.5156471519,I,0.0638442982,@,V,0.0456875,15.5144849934,initialNoMorph,3,8,0.2426875
83,discipline,0.113319147,0.7236941437,I,0.0787976562,@,V,0.0364650933,11.0543937244,initialNoMorph,3,8,0.2409443362
84,dissertation,0.1062386364,0.7556875,I,0.07765,@,V,0.0458551136,11.9096848896,initialNoMorph,4,9,0.2306136364
85,disintegrating,0.1114741943,0.9299093137,I,0.0938184204,@,V,0.0711775398,12.9044841501,prefix,5,12,0.2536692739
86,discipline,0.0920625,0.53425,I,0.0639375,@,V,0.037,14.9742629855,initialNoMorph,3,8,0.21425
95,disappointed,0.1049166667,0.716,I,0.0278333333,@,V,0.01875,12.5698324022,initialNoMorph,4,9,0.184
97,disagreement,0.0798210145,0.5974309928,I,0.0572211538,@,V,0.0349039855,16.738334837,prefix,4,10,0.1907770073
99,disciplined,0.0799962356,0.5156401881,I,0.0806390097,@,V,0.0353014366,17.4540313336,initialNoMorph,3,9,0.2229226556
100,disadvantages,0.0960834699,0.9834166667,I,0.042,@,V,0.033325161,12.2023557326,prefix,5,12,0.1889918033
104,disciplined,0.0732211191,0.5822365206,I,0.066734787,@,V,0.0574038809,15.4576356552,initialNoMorph,3,9,0.1970826397
105,disappointment,0.084575,0.8304554291,I,0.040425,@,V,0.05475,14.449902523,initialNoMorph,4,12,0.1962054291
109,discipline,0.0951267544,0.5236867818,I,0.0782243462,@,V,0.0342833333,15.2763069019,initialNoMorph,3,8,0.2172159485
110,disappointed,0.07905,0.6635902687,I,0.068516129,@,V,0.0267,15.0695398522,initialNoMorph,4,10,0.2032027687
112,disability,0.1286598106,1.0933863555,I,0.0849166667,@,V,0.0658223322,9.1458979247,prefix,5,10,0.2259211661
113,discipline,0.109875,0.6443111362,I,0.1050625,@,V,0.0256666667,12.4163615218,initialNoMorph,3,8,0.2641236362
118,disagree,0.0679439018,0.3808960582,I,0.0695267504,@,V,0.0415756098,18.3777170968,prefix,3,7,0.1605774668
120,disappointing,0.107825,0.7755625,I,0.052675,@,V,0.02375,11.6044806189,initialNoMorph,4,9,0.1995625
121,disagree,0.0940758929,0.5339375,I,0.1044403255,@,V,0.06728125,13.1101486597,prefix,3,7,0.25303125
124,disability,0.088375,0.5674262278,I,0.07475,@,V,0.0179375,17.6234363327,prefix,5,10,0.2128637278
125,disappeared,0.1015,0.8495703135,I,0.095125,@,V,0.0235,9.4165248868,prefix,3,8,0.2533203135
127,discipline,0.0972319837,0.6170415794,I,0.1018859963,@,V,0.0307018398,12.9650906304,initialNoMorph,3,8,0.2497980729
130,disappointed,0.1029330357,0.5133347971,I,0.0504107143,@,V,0.01209375,15.5843711454,initialNoMorph,4,8,0.1806559396
133,disagree,0.1064754098,0.6255,I,0.0753534363,@,V,0.03895,11.1910471623,prefix,3,7,0.2496875
134,disappointing,0.0749310528,0.4619614539,I,0.0392268949,@,V,0.0243580097,17.3174621671,initialNoMorph,4,8,0.1573312923
139,discipline,0.0992403302,0.6599747024,I,0.1096477796,@,V,0.0396579787,12.1216767418,initialNoMorph,3,8,0.2349229167
140,discipline,0.08775,0.5274676661,I,0.0896875,@,V,0.04125,15.166806449,initialNoMorph,3,8,0.2362801661
145,disciplinarians,0.091,1.0332857153,I,0.065375,@,V,0.016125,12.5812249291,initialNoMorph,6,13,0.1969107153
146,disappearing,0.0684529861,0.7358043498,I,0.0735015829,@,V,0.0276388889,12.2315123614,prefix,4,9,0.1943583075
154,disadvantages,0.0911724684,0.7216067462,I,0.0525440951,@,V,0.0384281414,15.2437599259,prefix,4,11,0.2035569923
155,disadvantages,0.07409375,0.6845782045,I,0.0528125,@,V,0.04375,14.6075348786,prefix,4,10,0.1879532045
161,dissolution,0.1206006944,0.6749959427,I,0.0803472222,@,V,0.0476493056,11.8519230908,prefix,4,8,0.2551271927
163,discipline,0.0830460993,0.4643125546,I,0.0758589591,@,V,0.0170238095,17.229773179,initialNoMorph,3,8,0.2125030308
165,disagree,0.0715266601,0.4951144566,I,0.0746375524,@,V,0.0416236111,14.1381450418,prefix,3,7,0.1955741788
167,disappointed,0.0915881696,0.602567372,I,0.0508567708,@,V,0.0186071429,16.5956546345,initialNoMorph,4,10,0.1888352292
169,disappointment,0.1147379227,0.8098535868,I,0.088495521,@,V,0.0386494301,14.8174931811,initialNoMorph,4,12,0.2558799026
171,discipline,0.1098333333,0.48475,I,0.02475,@,V,0.0251666667,16.5033522434,initialNoMorph,3,8,0.1913958333
172,discipline,0.127625,0.6,I,0.0489305556,@,V,0.028,13.3333333333,initialNoMorph,3,8,0.2414375
173,discipline,0.0874017857,0.5372916667,I,0.0513636364,@,V,0.0210982143,14.8894920512,initialNoMorph,3,8,0.1881934524
181,discipline,0.1128678571,0.755,I,0.1002685065,@,V,0.0856666667,10.5960264901,initialNoMorph,3,8,0.24025
183,discipline,0.0908214286,0.4588855226,I,0.0544846154,@,V,0.0217723214,15.2543491892,initialNoMorph,3,7,0.1991069512
188,disappointing,0.0824399579,0.8080763854,I,0.0785607215,@,V,0.04964375,11.1375609567,initialNoMorph,4,9,0.2203576354
190,disciplining,0.0942502498,0.5929747489,I,0.0906513528,@,V,0.0194567308,16.8641245148,initialNoMorph,4,10,0.2376737
191,disappointing,0.0920358696,0.6568019217,I,0.0623952607,@,V,0.0337875,13.7027613703,initialNoMorph,4,9,0.1858212398
193,disadvantage,0.1106458333,0.6846386437,I,0.0680416667,@,V,0.04925,14.606245342,prefix,4,10,0.2425761437
197,disagree,0.1066862628,0.5068734984,I,0.0658048885,@,V,0.0504293033,13.810151887,prefix,3,7,0.2267566951
200,disappointed,0.1181290323,0.6167748016,I,0.0649481293,@,V,0.0164126344,14.5920358238,initialNoMorph,4,9,0.23865681
204,discipline,0.11325,0.711375,I,0.0814166667,@,V,0.0385833333,11.245826744,initialNoMorph,3,8,0.2595416667
211,discipline,0.0937023973,0.5208125,I,0.0764196828,@,V,0.0298417888,15.3606144246,initialNoMorph,3,8,0.2307773973
212,disappointed,0.0742116489,0.4912185315,I,0.0699263617,@,V,0.0238663339,14.250276713,initialNoMorph,3,7,0.1762108128
213,dissolution,0.089675,0.477917819,I,0.045575,@,V,0.0428666667,12.5544597027,prefix,3,6,0.191030319
216,discipline,0.1081028303,0.6159015121,I,0.0585221697,@,V,0.04325,12.9890897204,initialNoMorph,3,8,0.2400265121
222,discipline,0.1211423927,0.478075,I,0.0466326073,@,V,0.020125,16.7337760812,initialNoMorph,3,8,0.2367
225,disabilities,0.1031629832,0.5481708333,I,0.0483643547,@,V,0.020343883,14.5939906203,prefix,4,8,0.1909144504
229,disagree,0.13775,0.648875,I,0.054125,@,V,0.024875,10.7879021383,prefix,3,7,0.241125
232,disappointed,0.0912692308,0.5919722222,I,0.0532692308,@,V,0.0184233922,15.2034160762,initialNoMorph,4,9,0.1721442308
235,discipline,0.0971003788,0.540375,I,0.0838958333,@,V,0.0309659091,14.8045338885,initialNoMorph,3,8,0.2369545455
241,discipline,0.09025,0.4576875,I,0.075775,@,V,0.025875,17.4791752014,initialNoMorph,3,8,0.21625
242,disappointment,0.0844140592,0.5469375,I,0.0357612457,@,V,0.0730746951,14.6268997829,initialNoMorph,4,8,0.1684253049
244,discipline,0.0691980407,0.4485729167,I,0.0690866815,@,V,0.0558402778,17.8343357407,initialNoMorph,3,8,0.1960138889
247,disability,0.0971418269,0.5886210334,I,0.0673590332,@,V,0.02528125,16.9888594389,prefix,5,10,0.2076409198
249,disciplined,0.1110887758,0.5304375,I,0.0503665719,@,V,0.0092336449,15.0818899493,initialNoMorph,3,8,0.2339538551
250,discipline,0.1005833333,0.53625,I,0.0401666667,@,V,0.0292916667,14.9184149184,initialNoMorph,3,8,0.2033333333
251,disintegrating,0.1084132829,0.8904955908,I,0.0474024375,@,V,0.0716928019,13.4756422419,prefix,5,12,0.2621786967
255,discipline,0.1446322464,0.5820208333,I,0.0561177536,@,V,0.043759287,13.7452124423,initialNoMorph,3,8,0.2404375
260,disappointing,0.090109375,0.7335112436,I,0.0710532452,@,V,0.032640625,13.6330561902,initialNoMorph,4,10,0.190796875
262,disciplined,0.1204912536,0.706375,I,0.0275356105,@,V,0.037566886,12.7411077685,initialNoMorph,3,9,0.218526864
263,disagree,0.111887538,0.5563670412,I,0.0541829507,@,V,0.0258571429,12.5816223494,prefix,3,7,0.2206011905
264,disappeared,0.1224985714,0.61525,I,0.0660466667,@,V,0.0194880952,11.3774888257,prefix,3,7,0.2288035714
266,discipline,0.10125,0.58775,I,0.070625,@,V,0.034,13.6112292641,initialNoMorph,3,8,0.23325
274,disappearing,0.0970833333,0.5750625,@,0.0442078431,@,V,0.02,13.9115313553,prefix,3,8,0.1999375
275,disagree,0.0855,0.4360415511,I,0.0478753311,@,V,0.0271302409,16.053515959,prefix,3,7,0.1855415511
276,discipline,0.1005113636,0.5693578107,@,0.085742908,@,V,0.0194727273,12.2945533873,initialNoMorph,3,7,0.2551475834
278,discipline,0.0989475187,0.44,I,0.0817372459,@,V,0.0247665531,18.1818181818,initialNoMorph,3,8,0.2171145253
285,disappointing,0.080296841,0.6713714286,@,0.0618841399,@,V,0.0306604104,13.4053962039,initialNoMorph,4,9,0.2042523148
286,disadvantages,0.11425,0.697125,@,0.0344375,@,V,0.030412091,17.2135556751,prefix,5,12,0.19575
298,disadvantaged,0.0632291667,0.5335,I,0.0467083333,@,V,0.0437500479,14.9953139644,prefix,3,8,0.124375
218,disadvantage,0.116075,0.77325,I,0.0647350877,@?,V,0.061725,12.9324280634,prefix,4,10,0.23215
115,disservice,0.1579375,0.663168448,I,0.0805416667,3r,V,0.1453125,12.063300093,prefix,3,8,0.289418448
116,discernment,0.1923646332,0.72,I,0.0599893025,3rn,V,0.1894862013,13.8888888889,prefix,3,10,0.3057670455
71,disarm,0.08925,0.6889107143,I,0.1152083333,A,V,0.20275,8.7094014879,prefix,2,6,0.26775
142,dishonest,0.101856128,0.5292309753,I,0.0613877497,a,V,0.0987960562,15.1162731852,prefix,3,8,0.2194358775
148,disciples,0.1728229167,0.920642545,I,0.0395858434,aI,V,0.1628270833,7.603385307,initialNoMorph,3,7,0.2729029617
72,dissolved,0.0640346372,0.7240218999,I,0.0663338068,aU,V,0.3442581727,8.2870421474,prefix,2,6,0.1889471621
20,disposable,0.1561795918,1.0697745098,I,0.0614138292,b,C,0.1720889151,8.4129878937,prefix,4,9,0.2588495098
137,disseminated,0.1207378699,0.6124375,d,0.0662972328,e,V,0.0633916446,16.3281967548,initialNoMorph,5,10,0.1870351027
185,dissenting,0.1140535714,0.49825,I,0.0487626084,e,V,0.06890625,16.0561966884,prefix,3,8,0.176
226,dissatisfied,0.12925,0.6386130499,I,0.05575,E,V,0.15175,15.6589346267,prefix,4,10,0.2408630499
237,dissatisfied,0.1241270833,0.7283541667,I,0.0467729167,E,V,0.1012307432,12.3566259546,prefix,4,9,0.2154916667
144,disables,0.1051569549,0.5748754303,I,0.0545037594,eI,V,0.1570869048,12.1765510072,prefix,3,7,0.2168968589
245,disabled,0.0982291667,0.500890625,I,0.0625946262,eI,V,0.1201458333,13.9751068409,prefix,3,7,0.2082447917
168,discipline,0.1101461864,0.4107649361,I,0.0666947227,f,C,0.0697,14.6068942895,initialNoMorph,2,6,0.2382024361
299,disciplinary,0.0604619755,0.42,I,0.0440449942,f,C,0.0769566097,21.4285714286,initialNoMorph,4,9,0.1568558903
11,disagree,0.1056708333,0.4645,I,0.0419958333,g,C,0.1122444567,12.9171151776,prefix,2,6,0.2026458333
151,disgraceful,0.0780904137,0.6372989005,I,0.0543355944,g,C,0.0945691403,15.6912243084,prefix,3,10,0.1743586152
184,disgusted,0.0761490385,0.6258133215,I,0.0513092949,g,C,0.0628125,14.381285426,initialNoMorph,3,9,0.1806883215
186,disgusted,0.1030241071,0.5750982143,I,0.0293821429,g,C,0.06291875,15.6495008617,initialNoMorph,3,9,0.21234375
189,disgusted,0.0640833333,0.6533508929,I,0.0403508772,g,C,0.084725,13.7751399721,initialNoMorph,3,9,0.17759375
8,disease,0.0984375,0.462375,I,0.068125,i,V,0.1361125,10.8137334415,prefix,2,5,0.2249375
13,diseases,0.0991987111,0.5033028846,I,0.0510921053,i,V,0.1145008503,13.9081261284,prefix,3,7,0.1979158163
52,diseases,0.109140625,0.8665694444,I,0.1343125,i,V,0.2723876769,8.0778292437,prefix,3,7,0.274015625
54,disease,0.0776666667,0.435,I,0.0833333333,i,V,0.18325,11.4942528736,prefix,2,5,0.2105
55,diseases,0.0485551802,0.4416875,I,0.0729728501,i,V,0.1265018116,13.5842648932,prefix,3,6,0.1812916667
75,disease,0.0801271368,0.926,I,0.0390657895,i,V,0.3317478632,5.3995680346,prefix,2,5,0.1836271368
78,disease,0.0868077731,0.58996875,I,0.1116274549,i,V,0.3062279412,8.4750251602,prefix,2,5,0.2142720588
81,diseases,0.0501934356,0.533,I,0.0670565644,i,V,0.140125,11.2570356473,prefix,3,6,0.18525
98,disease,0.0576442308,0.6621620284,I,0.07890625,i,V,0.2612516026,7.5510219334,prefix,2,5,0.2085562592
114,dissimilar,0.13475,0.6351504784,I,0.0744107143,I,V,0.07475,14.1698704575,prefix,4,9,0.2600879784
119,disease,0.0716852679,0.5,I,0.0803229419,i,V,0.212209375,10,prefix,2,5,0.205640625
132,disease,0.0862083333,0.5065,I,0.0449916667,i,V,0.2957071429,9.8716683119,prefix,2,5,0.159775
170,disease,0.106375,0.4648366967,I,0.0496363172,i,V,0.1554158163,10.756465734,prefix,2,5,0.1985866967
174,disease,0.1031022727,0.5447027337,I,0.083125,i,V,0.2432053395,9.17931872,prefix,2,5,0.2309300064
177,diseases,0.0984375,0.9236171587,I,0.0498333333,i,V,0.2075590773,7.5788977439,prefix,3,7,0.2343046587
199,dissimilated,0.1542227156,0.634953125,d,0.029228483,I,V,0.0272712423,15.7491940842,prefix,5,10,0.1834511986
201,disease,0.0868125,0.5292083333,@,0.0595625,i,V,0.1748076923,9.4480749547,prefix,2,5,0.197625
202,diseases,0.088390625,0.6915625,I,0.0625404412,i,V,0.1781240809,10.1220063263,prefix,3,7,0.196640625
230,dissimilar,0.1456600877,0.519875,I,0.0464033019,I,V,0.0675630306,15.3883144987,prefix,3,8,0.2394100877
243,dissimilar,0.1309375,0.6093949976,I,0.0742463577,I,V,0.0763263889,14.7687461084,prefix,4,9,0.2679574976
258,dissertation,0.1023059524,1.0404583333,I,0.0938333333,I,V,0.0590357143,8.6500340395,initialNoMorph,4,9,0.266172619
265,diseases,0.086798653,0.6057986088,I,0.0664166667,i,V,0.141876347,11.5549951723,prefix,3,7,0.2164305951
272,diseases,0.0570625,0.6113125,@,0.0756875,i,V,0.166625,11.4507719047,prefix,3,7,0.196375
273,disease,0.11325,0.519375,I,0.04625,i,V,0.2165,9.6269554753,prefix,2,5,0.22325
279,diseases,0.1301949161,0.74,@,0.0571384172,i,V,0.232375,9.4594594595,prefix,3,7,0.2664375
3,discouraging,0.1930104167,1.0596990937,I,0.0648511905,k,C,0.10378125,8.4929769721,prefix,3,9,0.328251177
4,Discover,0.1297583333,0.5756595238,I,0.0592,k,C,0.0784966581,12.1599655881,prefix,3,7,0.24025
9,discovered,0.0752708333,0.52975,I,0.03175,k,C,0.0601041667,16.9891458235,prefix,3,9,0.1710208333
16,discuss,0.1060795045,0.567,I,0.0700031878,k,C,0.0859628788,10.582010582,initialNoMorph,2,6,0.2497
26,discovered,0.0763088551,0.4010625,I,0.0503125,k,C,0.0545661449,22.4403927069,prefix,3,9,0.1520588551
28,discolor,0.0769548611,0.7385008503,I,0.0604618056,k,C,0.1211482955,10.8327566533,prefix,3,8,0.1895416667
47,discovers,0.0671228615,0.572446934,I,0.0498334048,k,C,0.0874415325,15.7219813157,prefix,3,9,0.1757876342
65,discovered,0.0754751903,0.453875,I,0.0340761986,k,C,0.0569173611,19.829248141,prefix,3,9,0.1408638889
66,discussion,0.0768442308,0.6011061461,I,0.0627736842,k,C,0.0602446581,13.3087975422,initialNoMorph,3,8,0.1934939509
69,discussing,0.10825,0.67125,I,0.0470625,k,C,0.064625,11.9180633147,initialNoMorph,3,8,0.205875
87,discussion,0.117,0.522125,I,0.0376875,k,C,0.0744166667,13.4067512569,initialNoMorph,3,7,0.17375
108,Discover,0.0945,0.8207327936,I,0.036,k,C,0.07725,9.7473868015,prefix,3,8,0.1883577936
117,discussed,0.117,0.4484993313,I,0.02125,k,C,0.05625,15.6076040959,initialNoMorph,2,7,0.1934993313
123,Discover,0.1148610565,0.6095341516,I,0.0317142536,k,C,0.0643333333,13.1247773054,prefix,3,8,0.2082424849
129,Discover,0.1010288208,0.5,I,0.0335507246,k,C,0.0941260467,16,prefix,3,8,0.2028920455
138,Discover,0.0965864679,0.7045208333,I,0.0229885321,k,C,0.0724119942,11.3552355324,prefix,3,8,0.1960125
141,discover,0.1041262175,0.4791808847,I,0.0404616501,k,C,0.0815993056,16.695156789,prefix,3,8,0.1929148877
143,discuss,0.102375,0.481875,I,0.04775,k,C,0.049125,12.4513618677,initialNoMorph,2,6,0.199625
152,disqualify,0.0987674419,0.6089910877,I,0.0344423613,k,C,0.0710634159,16.4206015518,prefix,4,10,0.1854460296
162,Discover,0.0963613946,0.5301093768,I,0.0711548656,k,C,0.0692291667,15.0912252277,prefix,3,8,0.2124218768
166,discoveries,0.0592152778,0.5282941374,I,0.0423482143,k,C,0.0723335236,17.0359641761,prefix,3,9,0.161194168
179,discussing,0.1029,0.5731875,I,0.0444125,k,C,0.0627916667,13.9570384909,initialNoMorph,3,8,0.1879166667
180,discuss,0.0825,0.6739413426,I,0.064125,k,C,0.09571875,8.9028519557,initialNoMorph,2,6,0.1977538426
192,discuss,0.1332566754,0.5275729167,I,0.0596409091,k,C,0.06425625,11.3728355085,initialNoMorph,2,6,0.23905625
195,discovered,0.0639083333,0.4866875,I,0.04755,k,C,0.0649166667,18.49235906,prefix,3,9,0.1769583333
219,discount,0.0732585756,0.4277916667,I,0.0490414244,k,C,0.0774704082,11.68793221,prefix,2,5,0.1810916667
220,discouraging,0.1091369048,0.708925,I,0.0416339286,k,C,0.0628333333,15.5164509645,prefix,4,11,0.2023833333
223,Discover,0.0872916667,0.4850390625,I,0.0753184818,k,C,0.0646168033,16.4935169526,prefix,3,8,0.194375
228,discussing,0.1565181818,0.6992576923,I,0.0829866259,k,C,0.060175,11.4407036033,initialNoMorph,3,8,0.2551451923
234,discussions,0.0947083333,0.5885056818,I,0.0545178571,k,C,0.0662273921,13.5937515085,initialNoMorph,3,8,0.1887708333
282,discussed,0.111252994,0.58975,I,0.0437358949,k,C,0.0824163851,11.8694362018,initialNoMorph,2,7,0.213375
292,Discover,0.09784375,0.4645,I,0.04740625,k,C,0.08690625,17.2228202368,prefix,3,8,0.20075
293,discouraged,0.1109542329,0.4900625,I,0.0361707671,k,C,0.0702507555,16.3244484122,prefix,2,8,0.1924625
294,Discovery,0.10375,0.518625,d,0.069875,k,C,0.0673427005,11.5690527838,prefix,3,6,0.173625
297,discuss,0.0915657895,0.6296875,@,0.0530770677,k,C,0.0988199153,9.5285359801,initialNoMorph,2,6,0.211375
300,discoveries,0.1393682717,0.738675,I,0.0368879783,k,C,0.0631083333,13.5377534098,prefix,4,10,0.23785
128,dislike,0.1445625,0.5489207993,I,0.057625,l,C,0.0660152616,10.9305386276,prefix,2,6,0.2778949064
221,dislikes,0.1047859875,0.5046145833,I,0.0605607107,l,C,0.0325375,5.9451313915,prefix,1,3,0.2071145833
224,dissolution,0.1128606115,0.54,I,0.033027902,l,C,0.0581507686,12.962962963,prefix,3,7,0.2361875
231,dislike,0.1015144928,0.5438637815,I,0.0587834717,l,C,0.0644855072,11.0321742396,prefix,2,6,0.2241123168
187,dismissing,0.1469497951,0.6637756483,I,0.0509140938,m,C,0.0547833333,12.0522649798,initialNoMorph,3,8,0.2551818983
270,dismemberment,0.0705366983,0.6368933979,I,0.0534633017,m,C,0.0836474555,15.7012147283,prefix,4,10,0.1821433979
89,Disneyland,0.06175,0.6605,I,0.111375,n,C,0.045125,10.5980317941,initialNoMorph,3,7,0.231625
290,Disney,0.0683968623,0.3503026316,I,0.0824275664,n,C,0.0447986264,14.2733726477,initialNoMorph,2,5,0.2108442308
45,dissolve,0.0708145755,0.5874375,I,0.0867369155,O,V,0.1240882567,10.2138525375,prefix,2,6,0.2215661765
101,disorient,0.1014393468,0.5078148953,I,0.0606571069,O,V,0.0824539639,15.753771846,prefix,4,8,0.2097129566
227,disorders,0.0722637868,0.4199829545,I,0.0540330882,O,V,0.0942367335,16.667343101,prefix,3,7,0.178421875
238,dissolved,0.14,0.5579769528,I,0.0472083333,O,V,0.2179638868,8.9609435926,prefix,2,5,0.2513102861
280,dissolving,0.0709660865,0.6373174517,@,0.0731827616,O,V,0.2300054943,12.5526140527,prefix,3,8,0.1954109191
17,disorders,0.1659690295,0.8119488933,I,0.0544087535,oa,V,0.178639201,9.8528368789,prefix,3,8,0.2809155257
252,disappointed,0.1563727273,0.4297430556,I,0.0284772727,OI,V,0.0949408163,11.6348593313,prefix,3,5,0.2632805556
22,disciplining,0.09875,0.65675,I,0.0879166667,p,C,0.127925,10.6585458698,initialNoMorph,2,7,0.243
23,dispelled,0.11505426,0.7608671329,I,0.0506897093,p,C,0.1091270833,9.2000294107,prefix,2,7,0.2151786859
29,disappointed,0.0782083333,0.74321875,I,0.0679166667,p,C,0.1175,12.1094899718,initialNoMorph,3,9,0.1925
32,discipline,0.1323125,0.59975,I,0.0606696429,p,C,0.151,11.6715298041,initialNoMorph,2,7,0.25225
34,disposable,0.1060208333,0.54775,I,0.02696875,p,C,0.0757916667,16.4308534916,prefix,4,9,0.1643333333
38,discipline,0.0829677785,0.400375,I,0.0755392887,p,C,0.11275,17.4836091165,initialNoMorph,2,7,0.1751875
42,disappointed,0.1137020994,0.6317175325,I,0.0485174917,p,C,0.1737855885,12.6638878753,initialNoMorph,3,8,0.2092857143
48,discipline,0.1135841837,0.49225,I,0.0540484499,p,C,0.1066527778,14.2204164551,initialNoMorph,2,7,0.23525
64,dispose,0.0961278302,0.5647166667,I,0.0526280522,p,C,0.09245,10.6247970959,prefix,2,6,0.2003
80,disappointed,0.1101591221,0.486075,I,0.0447905193,p,C,0.1161057143,14.4010697938,initialNoMorph,3,7,0.1978642857
91,discipline,0.1328335459,0.4776369048,I,0.0815743488,p,C,0.0893506098,14.6554839674,initialNoMorph,2,7,0.2653333333
96,discipline,0.105375,0.394625,I,0.06275,p,C,0.0864375,17.7383592018,initialNoMorph,2,7,0.216625
103,discipline,0.1230235328,0.48,I,0.0729764672,p,C,0.098,14.5833333333,initialNoMorph,2,7,0.2494375
122,disposables,0.062375,0.6857818923,I,0.0537659574,p,C,0.0616666667,16.0400852287,prefix,4,11,0.1670318923
131,discipline,0.1641904762,0.5173698333,I,0.0955212585,p,C,0.0691428571,13.5299732396,initialNoMorph,2,7,0.3242894762
149,disappointing,0.0848861198,0.6234637994,I,0.0415,p,C,0.2012388802,12.8315389092,initialNoMorph,3,8,0.1717249192
156,disposal,0.0937402672,0.5961257919,I,0.0351722328,p,C,0.075525,11.7424880711,prefix,3,7,0.1916771808
158,disappointed,0.0314,0.485140296,d,0.042577796,p,C,0.1175709302,14.4288158658,initialNoMorph,3,7,0.073977796
178,disciplinary,0.0794364564,0.6173786679,I,0.0799755226,p,C,0.0820509888,16.1975146218,initialNoMorph,4,10,0.2107878515
207,discipline,0.1242744951,0.4694500979,I,0.0707582191,p,C,0.1277999955,12.7809111705,initialNoMorph,2,6,0.2456703121
208,discipline,0.0873984684,0.4153023944,I,0.080625,p,C,0.1013587492,14.4473041365,initialNoMorph,2,6,0.2232633627
209,disappeared,0.0875971284,0.717375,I,0.0574566884,p,C,0.0897954102,8.3638264506,prefix,2,6,0.19075
233,discipline,0.1120818966,0.4764285714,I,0.0607459881,p,C,0.1050576923,14.6926536732,initialNoMorph,2,7,0.226625
240,disposable,0.0921111111,0.8124910714,I,0.0441055556,p,C,0.0808125,11.0770448027,prefix,3,9,0.1868035714
253,disposals,0.0630833333,0.5686555775,I,0.0388541667,p,C,0.0900921053,12.3097359408,prefix,3,7,0.1568246951
259,discipline,0.118375,0.367125,I,0.0375,p,C,0.084375,16.3432073544,initialNoMorph,2,6,0.22275
261,disposer,0.05925,0.619625,I,0.037,p,C,0.0932857143,12.9110349001,prefix,3,8,0.16125
277,disappointing,0.1229583333,0.5,d,0.0617291667,p,C,0.1281118421,12,initialNoMorph,3,6,0.1846875
289,discipline,0.091,0.5715,I,0.0955833333,p,C,0.1191875,12.2484689414,initialNoMorph,2,7,0.239
291,discipline,0.1287097549,0.5514816427,I,0.0570507305,p,C,0.0897703588,12.6930788948,initialNoMorph,2,7,0.2412226476
51,disruptive,0.1201509309,0.5822291667,I,0.0376913527,r,C,0.0714803191,13.7402941282,prefix,3,8,0.1714113475
58,disrepair,0.1183448681,0.7478333333,I,0.0827059069,r,C,0.0223610713,10.69757076,prefix,3,8,0.2559178922
88,disregard,0.1197721861,0.5066074561,I,0.0911968954,r,C,0.0344621083,15.7913191033,prefix,3,8,0.2654805195
147,disregard,0.12695,0.6090444566,I,0.095625,r,C,0.0145427536,14.7772463946,prefix,3,9,0.2835569566
268,disregard,0.156125,0.712375,I,0.1030154182,r,C,0.016758651,11.230040358,prefix,3,8,0.32225
62,district,0.075375,0.29225,I,0.090375,S,C,0.032875,23.9520958084,initialNoMorph,2,7,0.193875
30,distinctive,0.0965480769,0.5929583333,I,0.0474519231,t,C,0.0716659836,15.1781322465,initialNoMorph,3,9,0.201375
33,disturbs,0.056632271,0.4268125,I,0.0465,t,C,0.056336479,18.7435934983,initialNoMorph,2,8,0.139569771
36,dissertation,0.0884583333,0.56559375,I,0.0689517544,t,C,0.0808522727,12.3763743853,initialNoMorph,3,7,0.2095
39,district,0.139853923,0.696,I,0.064625,t,C,0.0828156415,10.0574712644,initialNoMorph,2,7,0.263728923
41,distracting,0.1204071429,0.855375,I,0.0571428571,t,C,0.080125,11.6907788981,prefix,3,10,0.234925
59,distribute,0.07125,0.4798125,I,0.033125,t,C,0.075375,16.6731796275,prefix,2,8,0.1369375
76,district,0.052875,0.455125,I,0.078625,t,C,0.0935365879,15.3803900027,initialNoMorph,2,7,0.192625
90,distances,0.0570737945,0.626375,I,0.085641476,t,C,0.0626293693,14.368389543,initialNoMorph,3,9,0.1969464286
106,distiller,0.07059375,0.3865642829,I,0.0385729167,t,C,0.078125,20.6951349464,prefix,3,8,0.1655642829
107,district,0.0673922575,0.5388166625,I,0.0970729167,t,C,0.0303423311,14.8473507912,initialNoMorph,2,8,0.2006074506
126,district,0.0957142857,0.4477148933,I,0.1111607143,t,C,0.0306875,15.6349500634,initialNoMorph,2,7,0.2603398933
136,distractions,0.11296875,0.59078125,I,0.0494583333,t,C,0.0273927365,15.2340650622,prefix,3,9,0.21215625
150,distributors,0.1083808741,0.7311743402,I,0.0478274219,t,C,0.0248056052,17.7796173706,prefix,4,13,0.1954579487
160,districts,0.0764583333,0.5522442493,I,0.0579583333,t,C,0.0840833333,14.4863436971,initialNoMorph,2,8,0.1901705313
194,district,0.075925,0.39625,I,0.0613383929,t,C,0.0435180556,17.665615142,initialNoMorph,2,7,0.2036125
196,districts,0.0882666667,0.62895625,I,0.1045625,t,C,0.0959833333,12.7194856558,initialNoMorph,2,8,0.2464229167
198,distiller,0.1239031532,0.6155010701,I,0.0494784258,t,C,0.0752708333,12.9975403602,prefix,3,8,0.2212927367
203,District,0.0837708333,0.5281666667,I,0.1206634615,t,C,0.0761979167,13.2533922373,initialNoMorph,2,7,0.2510208333
205,distributing,0.1028125,0.6795625,@,0.0490362816,t,C,0.0756875,14.7153499494,prefix,4,10,0.2225
206,districts,0.0462085756,0.3799195261,@,0.0821875,t,C,0.0180951525,18.4249545451,initialNoMorph,2,7,0.1674406017
236,districts,0.0600534363,0.4059590164,I,0.0858086849,t,C,0.0405997736,19.7064227593,initialNoMorph,2,8,0.1895666667
257,distant,0.0777604107,0.3564992318,I,0.0658270893,t,C,0.0771,16.8303307982,initialNoMorph,2,6,0.2034706603
267,distributed,0.0754462058,0.6225,@,0.0375364865,t,C,0.0789653359,17.6706827309,prefix,4,11,0.1758076923
269,districts,0.0468020833,0.3764460956,I,0.0746200321,t,C,0.08275,7.9692684698,initialNoMorph,1,3,0.171775641
271,districts,0.0609067577,0.3776467386,I,0.0699026786,t,C,0.0328596709,21.1838185875,initialNoMorph,2,8,0.1796749248
283,district,0.105375,0.5396875,I,0.0855,t,C,0.08525,12.9704690214,initialNoMorph,2,7,0.2454375
287,distrust,0.09984375,0.7308214286,I,0.0488630952,t,C,0.1006840278,10.946586522,prefix,2,8,0.21846875
93,discharged,0.095816565,0.587765625,I,0.0860032879,tS,C,0.0784638158,10.2081505702,prefix,2,6,0.23475
94,District,0.06425,0.3771068828,I,0.051625,tS,C,0.0718442754,15.910608565,initialNoMorph,2,6,0.1634717534
